{
  "tracks": [
    {
      "title": "after_dark.mp3",
      "cover": "1xro_1tBXRxEdO5s-4S_Xk-VjBTprhdHB",
      "artist": "Mr. Kitty",
      "path": "1oCtb_lYat5u2zocGfp4zohS3-Z4dnvGu"
    },
    {
      "title": "alive.mp3",
      "cover": "1TBoKpU8YyN67nP-Zvi37rah4629m7izH",
      "artist": "Warbly Jets",
      "path": "1xxp53U3PHZljo7U6zpNdamZ-qWNYR0aA"
    },
    {
      "title": "ancients.mp3",
      "cover": "1QRh6NUrR_oxuseRRYCQwwJyAwhEf1ziw",
      "artist": "Nier Replicant OST",
      "path": "1ZqMaDkZuCU7fr4QUHmp0v-V2kpRk3xYZ"
    },
    {
      "title": "animals.mp3",
      "cover": "1viqTyUZ7BV9KsZaDc4lel_6ccyMlxeq9",
      "artist": "Maroon 5",
      "path": "1794d4RMX5VHbPzAvOALQeYzbt12_LhX0"
    },
    {
      "title": "ashes_of_dreams.mp3",
      "cover": "1QRh6NUrR_oxuseRRYCQwwJyAwhEf1ziw",
      "artist": "Nier Replicant OST",
      "path": "1JyNk6bTQDLJBppvTbOpWqPPEZPSihKMZ"
    },
    {
      "title": "bad.mp3",
      "cover": "1PJW5RGFTIRBV3wcmasp4q14Cv3wxkhBB",
      "artist": "Michael Jackson",
      "path": "13GMzHPT6yyNhogx2tdYl-6PtdDrV0-hF"
    },
    {
      "title": "beat_it.mp3",
      "cover": "1PJW5RGFTIRBV3wcmasp4q14Cv3wxkhBB",
      "artist": "Michael Jackson",
      "path": "1ieBtOEu2WgtHPJHqEeamH8_tFon6uOll"
    },
    {
      "title": "believer.mp3",
      "cover": "1Hqu3SaJ5XT1PIcjuVYi5tYura7IR_hA_",
      "artist": "Imagine Dragons",
      "path": "1wMcM0NjsMN4XOA6xY7DM6kBe3yxH-F3M"
    },
    {
      "title": "billie_jean.mp3",
      "cover": "1PJW5RGFTIRBV3wcmasp4q14Cv3wxkhBB",
      "artist": "Michael Jackson",
      "path": "1U4G2BIjGNQKMmMJzn2DC8eKQqHV_Gm_L"
    },
    {
      "title": "break_through_it_all.mp3",
      "cover": "1MKXULYDELos-ryAUUog3LlCttuy4JY3W",
      "artist": "Sonic Frontiers OST",
      "path": "1SMVRNq8tAZJHtx8mqkMJlCGEecM5ROXK"
    },
    {
      "title": "circles.mp3",
      "cover": "1undqNFr8fOkO0fnTk3utvFmX38KoetCf",
      "artist": "Post Malone",
      "path": "1LuUaq2X0pCa5Hfb-WSKliDXcMgX44L09"
    },
    {
      "title": "cold_heart.mp3",
      "cover": "1Ph5FDmXBrJUW2PHF3Zj-eTa0mndQd0CJ",
      "artist": "Elton John",
      "path": "114bWXbdp4T40Xgk7IIXYN6zOVeQlQB14"
    },
    {
      "title": "easier.mp3",
      "cover": "1nj-j9AqTtFcFjNPyu9Aypm3bC6SY2zWp",
      "artist": "5SOS",
      "path": "1hDkkLNPeKieM66KlyElrUUvwj7aKyJmO"
    },
    {
      "title": "electrical_storm.mp3",
      "cover": "1ZYy0x6-X2Dty1slySZbE4DwRFEGMhj46",
      "artist": "U2",
      "path": "1oJqnbt-mGY7_iVDYNBI0cfMKz1kuPi60"
    },
    {
      "title": "endless_possibility.mp3",
      "cover": "1lHi8itF0gTFq2lhWmfSA7mqe4K8VX-4S",
      "artist": "Sonic Unleashed OST",
      "path": "1SLalSZKfkqCpND7rIF_gmPhPybAy8Arz"
    },
    {
      "title": "feel_good_inc.mp3",
      "cover": "1hTAokWNT-2TRgL5jSIgaZjIEriszvl8V",
      "artist": "Gorillaz",
      "path": "1arrsJ77uctLSW1MuCdMB_poRRw-DuJAz"
    },
    {
      "title": "get_lucky.mp3",
      "cover": "1SxKSee8ErWGwM75mNIEKX6o3u08xkr4h",
      "artist": "Daft Punk",
      "path": "10Bjtx4eaDnEjqwHAuxEK_8D0nG2_ogg4"
    },
    {
      "title": "grandmother.mp3",
      "cover": "1QRh6NUrR_oxuseRRYCQwwJyAwhEf1ziw",
      "artist": "Nier Replicant OST",
      "path": "1XhGZmOqf-JhOL_3VH1-Bt44ID7OdmHsw"
    },
    {
      "title": "guy_exe.mp3",
      "cover": "1RfhfiQLnTtw8ZEQPCKGPaEQ8NbXNgnt9",
      "artist": "Superfruit",
      "path": "17ytq5D8_el-BxelW8TgAfwOpvMWOtdB7"
    },
    {
      "title": "his_world.mp3",
      "cover": "1i5T8h-TXptu-KSNp5kIybuBFJKbvrm2J",
      "artist": "Sonic '06 OST",
      "path": "1srLlJsB0vi7O871Dg1s3o5stn9pAeqXE"
    },
    {
      "title": "i_feel_it_coming.mp3",
      "cover": "1QsyiiNBBd_LRdcoA9_AAVHHdvYLDF8HK",
      "artist": "The Weeknd",
      "path": "1ZWEuC-vI8Wr3OykorTHR7yLbkiHsxL7G"
    },
    {
      "title": "in_your_eyes.mp3",
      "cover": "1QsyiiNBBd_LRdcoA9_AAVHHdvYLDF8HK",
      "artist": "The Weeknd",
      "path": "1VuvQSmDnRlb79XBUb1sX3U1Yfe89Pt_f"
    },
    {
      "title": "infinite.mp3",
      "cover": "1z6mc9Aj_05vv-E9aGch9PsHIcS23YXh0",
      "artist": "Sonic Forces OST",
      "path": "1UmIF5hAVHNkUTIHMegfCzDwYU3XiBupS"
    },
    {
      "title": "last_christmas.mp3",
      "cover": "1Tvp5uNJM97FtF2cfY44U_g_B5OXdH6yI",
      "artist": "WHAM!",
      "path": "1N2mFLS-Ias2F17o_-YEQ8uaeLkLIoeky"
    },
    {
      "title": "lost_in_japan.mp3",
      "cover": "1NB3Algi7ivqPsJkzuGC1s-Ca5eRoUlpr",
      "artist": "Shawn Mendes",
      "path": "1k7YUYcXGdP6i8HAtFRfTomQ3qPMLkpme"
    },
    {
      "title": "makes_me_wonder.mp3",
      "cover": "1viqTyUZ7BV9KsZaDc4lel_6ccyMlxeq9",
      "artist": "Maroon 5",
      "path": "1kICFte8iYX7cfnV2WIGrMmY53DmEfOjm"
    },
    {
      "title": "middle_of_a_breakup.mp3",
      "cover": "1YYe24xsP2viM09Oy_NfYTobtmQPekHE2",
      "artist": "Panic! At The Disco",
      "path": "1QyJXXXVAMaBiVRcZR3dxKPZkeWIkjE0P"
    },
    {
      "title": "misery.mp3",
      "cover": "1viqTyUZ7BV9KsZaDc4lel_6ccyMlxeq9",
      "artist": "Maroon 5",
      "path": "1XWf48LylBrckurJV0lX8oEnEJPZCXAD9"
    },
    {
      "title": "moves_like_jagger.mp3",
      "cover": "1viqTyUZ7BV9KsZaDc4lel_6ccyMlxeq9",
      "artist": "Maroon 5",
      "path": "1KkBI8JqXoNt9-j-kiOBJ9-nEHZ9SaL_N"
    },
    {
      "title": "pumped_up_kicks.mp3",
      "cover": "13Lj81hpm4gW7gg-LB-p10Q_59uvKn1yi",
      "artist": "Foster The People",
      "path": "1yIVRsEF0seFOFu3eW43vxasTu71yi5E0"
    },
    {
      "title": "radioactive.mp3",
      "cover": "1Hqu3SaJ5XT1PIcjuVYi5tYura7IR_hA_",
      "artist": "Imagine Dragons",
      "path": "10dLIay3UcKf_bwYlDpmCot2NU9bF7CjQ"
    },
    {
      "title": "sacrifice.mp3",
      "cover": "18nQ2K7P_NKo-AK0nrxUIdDe9uYSxklk-",
      "artist": "The Weeknd",
      "path": "1YnDpyWJ81WFE5NyOgfQG-IkFQPMeA665"
    },
    {
      "title": "sad_clown.mp3",
      "cover": "1YYe24xsP2viM09Oy_NfYTobtmQPekHE2",
      "artist": "Panic! At The Disco",
      "path": "1-LFJ7aC5cscD2TqQFGTvG6isuwbLKe-o"
    },
    {
      "title": "save_yourself.mp3",
      "cover": "1W3SOJdsKE6YapGiGdWS2VNGAbXV0nq67",
      "artist": "ONE OK ROCK",
      "path": "14F8tjvousZiiixtN_8XCGs-cZXsQTNyF"
    },
    {
      "title": "say_it_louder.mp3",
      "cover": "1YYe24xsP2viM09Oy_NfYTobtmQPekHE2",
      "artist": "Panic! At The Disco",
      "path": "1o0jAGwjvl8V651CYIbfB1wZfbS9GxyTd"
    },
    {
      "title": "scared_of_the_dark.mp3",
      "cover": "1uFkry17UfkXJTbfrPDriXowcyrjbGKcj",
      "artist": "Lil Wayne",
      "path": "1QWdjbiagtgNwIj583vSNvIxBMWURZ01p"
    },
    {
      "title": "shadowlord.mp3",
      "cover": "1QRh6NUrR_oxuseRRYCQwwJyAwhEf1ziw",
      "artist": "Nier Replicant OST",
      "path": "1-dSJmfRp-uLbmrGwBqq5h0rMdQgEx-n8"
    },
    {
      "title": "stitches.mp3",
      "cover": "1NB3Algi7ivqPsJkzuGC1s-Ca5eRoUlpr",
      "artist": "Shawn Mendes",
      "path": "1sFVUftF0IC7wh1dQRxULqH1YM4GfL3Ua"
    },
    {
      "title": "sugar.mp3",
      "cover": "1viqTyUZ7BV9KsZaDc4lel_6ccyMlxeq9",
      "artist": "Maroon 5",
      "path": "1Z-Z-1ngiZy16C2dOa78QibEMCGMX5_MS"
    },
    {
      "title": "sunflower.mp3",
      "cover": "1uFkry17UfkXJTbfrPDriXowcyrjbGKcj",
      "artist": "Post Malone",
      "path": "1rMOYQBAW4p5kAFADgbHpap0Bclf6DmNR"
    },
    {
      "title": "the_world.mp3",
      "cover": "1B65dBankpdo-RbxIiY8e8o9n1HNxNMKY",
      "artist": "NIGHTMARE",
      "path": "1NHHUjoFO8leHwwvP3Bv2WdM9FTJDXF5s"
    },
    {
      "title": "think.mp3",
      "cover": "1ebD5htmatawmJW35TCT3_BwHRaxDrDMT",
      "artist": "Kaleida",
      "path": "12K9oRFpTo_ItMeFl2-1pbyzhCzMIyZ8z"
    },
    {
      "title": "this_love.mp3",
      "cover": "1viqTyUZ7BV9KsZaDc4lel_6ccyMlxeq9",
      "artist": "Maroon 5",
      "path": "106BZ5WjRWmMbYeVyC5jktPumT74ESzu-"
    },
    {
      "title": "ultimate.mp3",
      "cover": "1PnP-BnwURr3WIJ0nsttmev_opfOB5aAt",
      "artist": "Thai McGrath",
      "path": "1clQWP4CSv_4IwMlhSBxX4T87rLZiJRis"
    },
    {
      "title": "umbrella.mp3",
      "cover": "1M1ADZ0wh54YUlYOlP4qz0ZPAfng2ivvx",
      "artist": "Rihanna",
      "path": "1wshTnnB5PnomgATC0qIp7VIrQiGUhoSZ"
    },
    {
      "title": "undefeatable.mp3",
      "cover": "1MKXULYDELos-ryAUUog3LlCttuy4JY3W",
      "artist": "Sonic Frontiers OST",
      "path": "1HEUyjLLwur5H9kLYzZacPTVvv7y-23Mr"
    },
    {
      "title": "vague_hope.mp3",
      "cover": "1GsX_4-zlQ-XDvfZEMm_tbfyUOiFtJilB",
      "artist": "Nier Automata OST",
      "path": "1t2pPWykUGydayGaOgzC0podCVokZIMbi"
    },
    {
      "title": "vandalize.mp3",
      "cover": "1W3SOJdsKE6YapGiGdWS2VNGAbXV0nq67",
      "artist": "ONE OK ROCK",
      "path": "12a4K8JxZuPtbQ5xH3gyaVjcwQO2LL2oD"
    },
    {
      "title": "want_you_back.mp3",
      "cover": "1nj-j9AqTtFcFjNPyu9Aypm3bC6SY2zWp",
      "artist": "5SOS",
      "path": "1pYN4YybHGCjNG1Gw-B1IJViHvEqUfXEz"
    },
    {
      "title": "what_lovers_do.mp3",
      "cover": "1viqTyUZ7BV9KsZaDc4lel_6ccyMlxeq9",
      "artist": "Maroon 5",
      "path": "1bNiUAbgbBZVcOA70faXx0TUqX6OAVdnn"
    },
    {
      "title": "whats_up_danger.mp3",
      "cover": "1uFkry17UfkXJTbfrPDriXowcyrjbGKcj",
      "artist": "Blackway",
      "path": "1s-dVrfzoQ6kq1zzAoHme0dIPZvvRCVZ0"
    },
    {
      "title": "whistle.mp3",
      "cover": "1eQEbd8Z91wDT3svkpLxs_6OyJghNTjFN",
      "artist": "Glee Cast",
      "path": "1zxw0Ru36o68lLshtT9VUEvVIDthzpb7c"
    },
    {
      "title": "world_adventure.mp3",
      "cover": "1lHi8itF0gTFq2lhWmfSA7mqe4K8VX-4S",
      "artist": "Sonic Unleashed OST",
      "path": "1EZ-5Q-XwLu1PU-u1o5vYnaKmhy_Z96Uv"
    },
    {
      "title": "womanizer.mp3",
      "cover": "1tJ0VTOhoOn0QCHcGBkZsMm-sbBYzAHiL",
      "artist": "Glee Cast",
      "path": "1oII-FpE07FY92KzN-IMhTFG86rNpbRuY"
    },
    {
      "title": "baby_one_more_time.mp3",
      "cover": "1tJ0VTOhoOn0QCHcGBkZsMm-sbBYzAHiL",
      "artist": "Glee Cast",
      "path": "1v0d9UU7gljVGmoGYO3F62cFlW4sAqKEN"
    },
    {
      "title": "oops_i_did_it_again.mp3",
      "cover": "1tJ0VTOhoOn0QCHcGBkZsMm-sbBYzAHiL",
      "artist": "Glee Cast",
      "path": "19zvWDm5lwFWYKyxVtLGD80ANRD-l6-f-"
    },
    {
      "title": "toxic.mp3",
      "cover": "1tJ0VTOhoOn0QCHcGBkZsMm-sbBYzAHiL",
      "artist": "Glee Cast",
      "path": "1tex4_QOn0fm2RZPs2D0_KbEvU0tglagY"
    },
    {
      "title": "i_believe_i_can_fly.mp3",
      "cover": "1lKdA3zlVKDH0Huk3xhoDDVOAesptpuxb",
      "artist": "Glee Cast",
      "path": "1yFWyEbAMr9L7exhtJoRcQ8Ob_vR6H6au"
    },
    {
      "title": "moves_like_jagger_(cover).mp3",
      "cover": "1lKdA3zlVKDH0Huk3xhoDDVOAesptpuxb",
      "artist": "Glee Cast",
      "path": "1eIm06BT5i32xhgORyLBd7zkcxXloZZLk"
    },
    {
      "title": "survivor.mp3",
      "cover": "1lKdA3zlVKDH0Huk3xhoDDVOAesptpuxb",
      "artist": "Glee Cast",
      "path": "1sD7C4YLidPNzT7JsvozJyK99J9wJW7rT"
    },
    {
      "title": "hurt_you.mp3",
      "cover": "1z9JJwZ9mdr8aPxwMAWF2xIJPfM0PAwD2",
      "artist": "The Weeknd",
      "path": "1Pf-wsliRRWSgze2MeGxyJgRjxKDxeq1s"
    },
    {
      "title": "i_was_never_there.mp3",
      "cover": "1z9JJwZ9mdr8aPxwMAWF2xIJPfM0PAwD2",
      "artist": "The Weeknd",
      "path": "1ICje9_I8uBftkLZ2IBCm5_bWahvbsUT2"
    },
    {
      "title": "glow.mp3",
      "cover": "17USW0rZDAzSYsiqMGFz9e8eQfq2wDGu0",
      "artist": "The Fall",
      "path": "1VX4VP0-McKUHUUXOntpReC3bKQnMRF3B"
    },
    {
      "title": "senorita.mp3",
      "cover": "1D2mRDiIzMaeFvd7gfW0NxWZ83PhN3TFO",
      "artist": "Shawn Mendes",
      "path": "1yGZtGAGm32vP2r5gnibp1LXtyAcDimk5"
    },
    {
      "title": "i_know_what_you_did_last_summer.mp3",
      "cover": "1D2mRDiIzMaeFvd7gfW0NxWZ83PhN3TFO",
      "artist": "Shawn Mendes",
      "path": "1plBX_Q5R_vVlfC7_3h3k_CLx380NLrgL"
    },
    {
      "title": "dont_stop_me_now.mp3",
      "cover": "1hWuwCTJqsJeGxf5no1Qv3aUfUAxSLv4G",
      "artist": "The Queen",
      "path": "1DgqA97vZvUZTcKRJ1s6VRZrMEV9s9qGN"
    },
    {
      "title": "another_one_bites_the_dust.mp3",
      "cover": "1hWuwCTJqsJeGxf5no1Qv3aUfUAxSLv4G",
      "artist": "The Queen",
      "path": "1Ijv_XX-QMryaC-hkpadPdjzyKgCWwRKX"
    },
    {
      "title": "how_do_you_sleep.mp3",
      "cover": "11XQP010VMeM2fiin1QsHiXAIuaBdVc8V",
      "artist": "Sam Smith",
      "path": "1ntilknvPJRy8cMcVqx7ocWRp_Dslr_0d"
    },
    {
      "title": "dancing_with_a_stranger.mp3",
      "cover": "1Gi5QWJylnDa7uYjhc5TcUgyblYXmM9cQ",
      "artist": "Sam Smith",
      "path": "1CygR9VTN8_yZB-0CSNAIrX2qjsYyrZsA"
    },
    {
      "title": "ocean_drive.mp3",
      "cover": "1yGITdx5IoYq_vLXg8X1adQWr2dS5EO98",
      "artist": "Duke Dumont",
      "path": "1YhmTIT2KhbmayXUFlEhyblWRYkTuKMKF"
    },
    {
      "title": "enemy.mp3",
      "cover": "134a3SVJs1pmu1ff_EYAT_2BQPEtGK97q",
      "artist": "Imagine Dragons",
      "path": "1iEwEzikVkOwthX8Ch0E3kehwcU-1BF9y"
    }
  ]
}